id,meeting_id,councillor_id,speech_order,speech_text,summary,keywords,timestamp_start,timestamp_end,created_at,updated_at
ca4fee59-0c6c-49e0-bca5-c16187b7ae68,70cb6559-c490-4649-8f7a-256b6491cc3d,a2ec85f6-cbdd-4627-97da-bf5292559192,1,의석을 바로 해 주시기 바랍니다. 성원이 되었으므로 제295회 용인시의회 임시회 제3차 본회의를 개의하겠습니다. 먼저 의사팀장으로부터 보고가 있겠습니다.,"유진선 의장이 제295회 용인시의회 임시회 제3차 본회의를 개의하였다. 의석 정돈을 요청하고 성원이 되었음을 확인한 후, 의사팀장의 보고를 예고하였다.","[""용인시의회"",""임시회"",""본회의"",""의장"",""개의""]",,,2025-10-19T07:35:43.810049+00:00,2025-10-28T00:04:53.820633+00:00
2b283b72-1f96-4ad1-a228-0f1cb0ced982,70cb6559-c490-4649-8f7a-256b6491cc3d,,2,"의사팀장 장용은입니다. 예산결산특별위원회에서는 위원장에 황재욱 의원을 선출하고 간사에 기주옥 의원을 선임하였으며, 2025년도 제2회 추가경정예산안은 수정 가결하고, 2025년 기금운영계획 변경안은 원안 가결하였습니다. 금일 제3차 본회의에서는 예산결산특별위원회의 심사를 마친 2건의 안건을 의결하시고 시정에 대한 질문과 답변을 청취하시겠습니다. 이상 보고를 마치겠습니다.","예산결산특별위원회에서 황재욱 의원을 위원장으로, 기주옥 의원을 간사로 선출했다. 2025년도 제2회 추가경정예산안은 수정 가결하고, 기금운영계획 변경안은 원안 가결했다.","[""예산결산특별위원회"",""추가경정예산안"",""기금운영계획"",""황재욱"",""기주옥""]",,,2025-10-19T07:35:46.75477+00:00,2025-10-19T07:35:46.75477+00:00
247403ca-c5a7-4bb6-ae0b-d9474018d192,70cb6559-c490-4649-8f7a-256b6491cc3d,a2ec85f6-cbdd-4627-97da-bf5292559192,3,의사팀장 수고하셨습니다. 그럼 금일 계획된 의사일정에 따라 안건을 상정하겠습니다. 1. 2025년도 제2회 추가경정예산안(시장제출) 2. 2025년도 기금운용계획 변경안(시장제출),유진선 의장이 의사일정에 따라 2025년도 제2회 추가경정예산안과 기금운용계획 변경안을 상정하겠다고 선언했다. 이는 지방의회의 예산 심의 절차를 진행하는 것이다.,"[""추가경정예산안"",""기금운용계획"",""의사일정"",""예산심의"",""의회""]",,,2025-10-19T07:35:49.704573+00:00,2025-10-28T00:04:53.820633+00:00
de974757-8d40-4883-bd9a-7bcf9a0f60bc,70cb6559-c490-4649-8f7a-256b6491cc3d,a2ec85f6-cbdd-4627-97da-bf5292559192,4,"의사일정 제1항 2025년도 제2회 추가경정예산안, 의사일정 제2항 2025년도 기금운용계획 변경안 이상 2건을 일괄 상정합니다. 예산결산특별위원회 황재욱 위원장 나오셔서 심사보고 해 주시기 바랍니다.",유진선 의장이 2025년도 제2회 추가경정예산안과 기금운용계획 변경안 2건을 일괄 상정했다. 예산결산특별위원회 황재욱 위원장에게 심사보고를 요청했다.,"[""추가경정예산안"",""기금운용계획"",""예산결산특별위원회"",""의사일정"",""심사보고""]",,,2025-10-19T07:35:52.2557+00:00,2025-10-28T00:04:53.820633+00:00
277be034-3a0b-493b-96c1-8b58939edd9e,70cb6559-c490-4649-8f7a-256b6491cc3d,e721f222-1b00-42ef-8446-3e060216174f,5,"예산결산특별위원회 위원장 황재욱 의원입니다. 본 위원회에서 심사한 2025년도 제2회 추가경정예산안 수정예산안 포함 및 기금운용계획변경안에 대한 심사결과를 보고드리겠습니다. 먼저 심사경과를 보고드리면 2025년 8월 22일 용인시장으로부터 본 안건이 제출되어 9월 12일부터 15까지 2일간 각 상임위원회별로 1차 심사를 한 후 9월 17일과 18일 2일간 본 특별위원회에 상정하여 심도있는 심사를 하였습니다. 다음으로 심사결과를 보고드리겠습니다. 2025년도 제2회 추가경정예산안 수정예산안 포함 중 세입부분과 2025년도 기금운용계획변환경안은 집행부 원안대로 의결하기로 하였으며, 세출부분은 예산액 3조 9476억 7532만 3000원 중 처인구청 신축 타당성조사 용역 외 2개 사업에서 1억 9500만 원을 감액하기로 하였습니다. 전 의원님들께서는 본 의원 보고드린 바와 같이 만장일치로 가결해 주실 것을 부탁드리면서 이상으로 2025년도 제2회 추가경정예산안 수정예산 포함, 2025년도 기금운용계획변경안에 대한 심사결과 보고를 마치겠습니다. 감사합니다.","황재욱 의원이 예산결산특별위원회 위원장으로서 2025년도 제2회 추가경정예산안과 기금운용계획변경안에 대한 심사 결과를 보고했다. 세출부분에서 1억 9500만 원을 감액하고, 세입부분과 기금운용계획은 원안대로 의결하기로 결정했다.","[""추가경정예산안"",""기금운용계획"",""예산결산특별위원회"",""세출감액"",""용인시""]",,,2025-10-19T07:35:55.513279+00:00,2025-10-28T00:04:55.670037+00:00
ea3df939-dcb6-49e0-a1a7-31357f1f88c3,70cb6559-c490-4649-8f7a-256b6491cc3d,a2ec85f6-cbdd-4627-97da-bf5292559192,6,황재욱 위원장 수고하셨습니다. 심도있는 심사를 해주신 예산결산특별위원회 위원 여러분 수고하셨습니다. 방금 황재욱 위원장께서 심사보고하신 의사일정 제1항 2025년도 제2회 추가경정예산안에 대하여 질의·토론하실 의원 계십니까?,"유진선 의장이 예산결산특별위원회의 2025년도 제2회 추가경정예산안 심사를 마무리하고, 해당 안건에 대한 질의와 토론을 요청하고 있다.","[""추가경정예산안"",""예산결산특별위원회"",""의회"",""황재욱 위원장"",""2025년""]",,,2025-10-19T07:35:58.096058+00:00,2025-10-28T00:04:53.820633+00:00
827ea12d-dde2-4fdf-8e92-e04837c5a012,70cb6559-c490-4649-8f7a-256b6491cc3d,a37f7314-db30-433d-9a5c-7684bd9ee09f,7,"존경하는 110만 용인 시민 여러분, 유진선 의장님을 비롯한 동료의원 여러분, 이상일 시장님과 공직자 여러분, 그리고 언론인 여러분! 안녕하십니까? 포곡읍, 모현읍, 역북동, 삼가동, 유림1동, 유림2동을 지역구로 둔 국민의힘 김상수 의원입니다. 먼저 용인특례시의 교통 인프라 확충과 도로망 구축을 위해 그동안 많은 노력을 기울여 주신 이상일 시장님과 관계 공직자 여러분께 감사의 말씀을 드립니다...","김상수 의원이 용인특례시의 교통 인프라 확충과 도로망 구축을 위한 노력에 대해 이상일 시장과 공직자들에게 감사를 표현했다. 포곡읍, 모현읍 등 지역구 대표로서 지역 발전에 대한 관심을 드러냈다.","[""용인특례시"",""교통 인프라"",""도로망"",""이상일 시장"",""지역구""]",,,2025-10-19T07:36:01.152881+00:00,2025-10-28T00:04:54.481559+00:00
5e5db245-e3ee-4d2c-bc88-a216238ca1df,70cb6559-c490-4649-8f7a-256b6491cc3d,,8,안녕하세요. 존경하는 우리 김상수 의원님께서 주신 질문에 대하여 답변을 드리겠습니다. 먼저 주신 말씀에 공감을 많이 합니다. 우리 3개 구가 균형있게 발전해야 하는 것은 시정의 핵심이라고 생각하고 또 그런 맥락에서 우리 의원님들께서도 많은 노력을 해주고 계신 데 대해서 감사의 인사를 드립니다...,"이상일 시장은 김상수 의원의 질문에 대해 답변하며, 3개 구의 균형 발전이 시정의 핵심임을 강조했다. 의원들의 노력에 대해 감사를 표현했다.","[""균형 발전"",""시정"",""의회"",""구"",""협력""]",,,2025-10-19T07:36:03.857222+00:00,2025-10-19T07:36:03.857222+00:00
73d7a410-fa7c-4f15-bb40-496c25a6c529,30e7d930-5a5e-4f9f-987a-2b4e7a6d2147,,1,의석을 바로 해 주시기 바랍니다. 성원이 되었으므로 제295회 용인시의회 임시회 폐회 중 제2차 의회운영위원회 회의를 개의하겠습니다. 금일 본 위원회에서는 배부해 드린 의사일정과 같이 제296회 용인시의회 임시회 의사일정 협의의 건을 다루도록 하겠습니다. 원활한 의사진행이 될 수 있도록 많은 협조를 부탁드립니다.,"이윤미 위원장이 제295회 용인시의회 임시회 폐회 중 제2차 의회운영위원회 회의를 개의했다. 제296회 임시회 의사일정 협의를 위해 회의를 진행하며, 의원들의 협조를 요청했다.","[""용인시의회"",""의회운영위원회"",""의사일정"",""임시회"",""회의""]",,,2025-10-19T07:36:47.195029+00:00,2025-10-19T07:36:47.195029+00:00
d147f740-8ea2-450d-b0f4-bce526a325b4,30e7d930-5a5e-4f9f-987a-2b4e7a6d2147,,2,그럼 의사일정 제1항 제296회 용인시의회 임시회 의사일정 협의의 건을 상정합니다. 기주옥 의원께서는 발언대로 나오셔서 사전에 협의·작성한 의사일정 안에 대하여 보고해 주시기 바랍니다.,"이윤미 위원장이 제296회 용인시의회 임시회 의사일정 협의 건을 상정하고, 기주옥 의원에게 사전 협의된 의사일정 안에 대한 보고를 요청하고 있다.","[""의사일정"",""임시회"",""상정"",""협의"",""보고""]",,,2025-10-19T07:36:49.569931+00:00,2025-10-19T07:36:49.569931+00:00
0b446db5-55c4-4593-ba5c-fa29ceb45952,30e7d930-5a5e-4f9f-987a-2b4e7a6d2147,d6b83d6e-7c95-4292-a261-aa32a5e71dca,3,"의회운영위원회 기주옥 의원입니다. 제296회 용인시의회 임시회 의사일정 협의안에 대한 개요를 설명드리겠습니다. 배부해 드린 의사일정 협의안을 참고해 주시기 바랍니다. 금번 제296회 용인시의회 임시회는 유인물에서 보시는 바와 같이 10월 20일 개의하여 10월 24일까지 총 5일간으로 계획하였습니다. 10월 20일 제1차 본회의에서는 회기 결정의 건, 회의록 서명의원 선출의 건, 시장 등 관계공무원 출석 요구의 건 등을 의결하고, 2025년도 제3회 추가경정예산 성립전 예산편성 보고 등 2건의 보고의 건을 청취하겠습니다. 10월 21일 운영위원회에서는 회부된 조례안 및 규칙안을 심사하겠으며, 10월 22일은 하루 휴회하는 걸로 계획하였습니다. 이어 10월 23일 각 상임위원회에서 회부된 조례안 및 기타 안건을 심사한 뒤, 10월 24일 제2차 본회의에서 각 상임위원회에서 심사한 조례안 등을 의결 처리하고 시정에 관한 질문과 답변을 청취한 후 임시회 일정을 마무리하게 되겠습니다. 이상으로 제296회 용인시의회 임시회 의사일정 협의안에 대한 설명을 마치겠습니다. 감사합니다.","기주옥 의원이 제296회 용인시의회 임시회 의사일정을 설명했다. 10월 20일부터 24일까지 5일간 진행되며, 본회의와 상임위원회를 통해 조례안 심사와 시정 질문 등을 진행한다.","[""용인시의회"",""임시회"",""의사일정"",""조례안"",""본회의""]",,,2025-10-19T07:36:52.432779+00:00,2025-10-28T00:04:55.881347+00:00
13f3ac0e-ad37-4c88-befd-1a3d498795fc,30e7d930-5a5e-4f9f-987a-2b4e7a6d2147,,4,기주옥 의원 수고하셨습니다. 다음은 질의·토론 순서입니다만 본 안건은 위원님들 간 협의·작성된 사항인 만큼 질의·토론을 생략하고자 하는데 이의 있으십니까?,"이윤미 위원장은 기주옥 의원의 발언 후 해당 안건이 위원들 간 사전 협의로 작성되었음을 언급하며, 질의와 토론 절차를 생략할 것을 제안했다. 위원들의 동의를 구하고 있다.","[""질의·토론 생략"",""위원 협의"",""안건"",""동의"",""위원회""]",,,2025-10-19T07:36:55.607027+00:00,2025-10-19T07:36:55.607027+00:00
42f63e41-af79-467e-a3d5-0f640e321c0f,30e7d930-5a5e-4f9f-987a-2b4e7a6d2147,,5,이의가 없으므로 질의·토론을 생략하고 의결토록 하겠습니다. 그러면 의사일정 제1항 제296회 용인시의회 임시회 의사일정 안을 기주옥 의원의 보고와 같이 의결코자 하는데 이의 있습니까?,"이윤미 위원장이 제296회 용인시의회 임시회 의사일정 안을 의결하고자 합니다. 참석 의원들에게 이의 여부를 확인하고 있으며, 이의가 없을 경우 바로 의결하겠다고 밝히고 있습니다.","[""의사일정"",""의결"",""임시회"",""용인시의회"",""의원""]",,,2025-10-19T07:36:58.496695+00:00,2025-10-19T07:36:58.496695+00:00
2b6e5e83-4ded-46cc-acc7-58b4393854c1,30e7d930-5a5e-4f9f-987a-2b4e7a6d2147,,6,이의가 없으므로 가결되었음을 선포합니다. 금일 본 위원회에서 작성·의결한 안건은 의장에게 통보하도록 하겠습니다. 이상으로 금일 의사일정을 모두 마치겠습니다. 위원 여러분 수고하셨습니다. 산회를 선포합니다.,"이윤미 위원장이 의사일정을 마무리하고 안건을 의장에게 통보할 것을 선언했다. 이의 없음을 확인하고 안건을 가결하였으며, 위원들에게 수고를 치하하고 산회를 선포했다.","[""가결"",""안건"",""의장"",""통보"",""산회""]",,,2025-10-19T07:37:01.240201+00:00,2025-10-19T07:37:01.240201+00:00
e3ea49da-c1a9-4c8a-b54c-40bafeeb0561,3dc10460-00e6-4a9b-a892-abb147a74d0a,,1,"성원이 되었으므로 제295회 용인시의회 임시회 제4차 도시건설위원회 회의를 개의하겠습니다. 금일 본 위원회에서는 배부해 드린 의사일정과 같이 2025년도 제2회 추가경정예산안 중 도시정책실, 주택국, 건설국, 푸른공원사업소, 차량등록사업소 소관 예산안에 대한 심사와 계수조정을 하도록 하겠습니다. 심도 있는 심사를 부탁드리며 원활한 의사진행이 될 수 있도록 많은 협조를 당부드립니다.","김윤선 위원장이 제295회 용인시의회 임시회 제4차 도시건설위원회 회의를 개의했다. 2025년도 제2회 추가경정예산안에 대한 심사와 계수조정을 진행하며, 위원들에게 심도 있는 심사와 협조를 요청했다.","[""용인시의회"",""도시건설위원회"",""추가경정예산안"",""예산심사"",""계수조정""]",,,2025-10-19T07:38:40.26598+00:00,2025-10-19T07:38:40.26598+00:00
d250d70d-f1bc-4e77-9611-46b9e303955b,3dc10460-00e6-4a9b-a892-abb147a74d0a,,2,과장님 수고 많으십니다. 2차 추경이다 보니 특별하게 예산이 새롭게 편성되는 것은 없는데요. 부서에 관련된 부분에 대해서 좀 말씀을 드릴게요. 우리 주택국에서 사업을 하다 보면 조합주택이 다양하게 진행되고 있잖아요. 최근의 민원과 관련돼서 제가 말씀드리는 부분에 대해서 시민분들께서 조합주택에 가입함에 있어서 불이익―시민 입장에서는 불이익이라고 생각을 하세요―이런 부분이 발생하지 않도록 할 수 있는 방안을 좀 모색해야 된다는 취지에서 말씀드리겠습니다.,"김병민 위원은 2차 추경 예산 관련 주택국의 조합주택 사업에 대해 언급하며, 시민들이 조합주택 가입 시 불이익을 받지 않도록 대책 마련을 촉구했다.","[""조합주택"",""2차 추경"",""민원"",""불이익"",""시민""]",,,2025-10-19T07:38:42.870112+00:00,2025-10-19T07:38:42.870112+00:00
0ededa5e-1dc0-4b5c-8eb5-df8b15f10853,3dc10460-00e6-4a9b-a892-abb147a74d0a,,3,수고가 많으십니다. 박인철 위원입니다. 설명자료 595쪽인데요. 국지도 82호선 양쪽 페이지에 걸쳐 있는 것 설명 좀 부탁드리겠습니다.,박인철 위원이 국지도 82호선에 대한 설명을 요청하고 있다. 설명자료 595쪽의 내용에 대해 상세한 설명을 부탁하고 있다.,"[""국지도 82호선"",""설명자료"",""595쪽"",""위원회"",""질의""]",,,2025-10-19T07:38:45.430887+00:00,2025-10-19T07:38:45.430887+00:00
3c5ff396-283a-4d86-bc75-0653eca1c769,3dc10460-00e6-4a9b-a892-abb147a74d0a,,4,"제가 존경하는 박인철 위원님 질의 조금만 이어갈게요. 저는 이 부담금 사업이 항상 이게 문제가 되는 것 같은데 지금 이 건 같은 경우는 존재하지도 않은 재원이 세입 잡혔다가, 세입 잡혀서 세출예산 잡혔다가 삭감하는 상황이 벌어진 거잖아요.",이교우 위원은 부담금 사업에서 실제로 존재하지 않는 재원을 세입으로 잡았다가 삭감하는 문제점을 지적하고 있다. 이는 예산 편성 과정의 비합리성을 비판하는 발언이다.,"[""부담금"",""세입"",""세출예산"",""재원"",""삭감""]",,,2025-10-19T07:38:48.239826+00:00,2025-10-19T07:38:48.239826+00:00
e3e9bcab-1c68-4608-9571-1a59f928b0bd,3dc10460-00e6-4a9b-a892-abb147a74d0a,,5,도시건설위원회 간사 이교우 의원입니다. 본 위원회에서 심사한 2025년도 제2회 추가경정예산안에 대한 계수조정 결과를 보고드리겠습니다. 먼저 심사 경과를 보고드리면 본 안건은 2025년 8월 22일 용인시장으로부터 제출되어 8월 26일 본 위원회에 회부 되었으며 9월 12일부터 9월 15일까지 본 위원회에서 심도 있는 심사를 하였습니다.,이교우 간사가 도시건설위원회에서 2025년도 제2회 추가경정예산안을 심사한 결과를 보고하고 있다. 8월 22일 제출된 안건을 9월 12일부터 15일까지 심도 있게 검토했다.,"[""추가경정예산안"",""도시건설위원회"",""예산심사"",""용인시"",""계수조정""]",,,2025-10-19T07:38:51.213959+00:00,2025-10-19T07:38:51.213959+00:00
2cff8704-2eb8-4946-9f18-93b919999604,30825412-84e4-42a8-9cb7-e8ca6a2c0ab2,,1,"의석을 바로 해주시기 바랍니다. 성원이 되었으므로 제295회 용인시의회 임시회 제3차 자치행정위원회 회의를 개회하겠습니다. 이번 제295회 임시회는 2025년도 제2회 추가경정예산안과 함께 용인시장으로부터 수정예산안이 심사 전에 제출된 바 수정예산안을 포함하여 심사하도록 하겠습니다. 심도 있고 원활한 심사가 될 수 있도록 협조해 주실 것을 당부드립니다. 그럼 금일 회의는 배부해 드린 의사일정과 같이 재무국, 기획조정실, 자치행정국 소관 예산안에 대해 심사하도록 하겠습니다.","김진석 위원장이 제295회 용인시의회 임시회 제3차 자치행정위원회 회의를 개회했다. 2025년도 제2회 추가경정예산안과 수정예산안을 심사하며, 재무국, 기획조정실, 자치행정국 소관 예산안을 심의한다.","[""임시회"",""추가경정예산안"",""수정예산안"",""자치행정위원회"",""예산심사""]",,,2025-10-19T07:39:30.564172+00:00,2025-10-19T07:39:30.564172+00:00
34cec8e2-3ce1-475b-925b-9ad84f83f672,30825412-84e4-42a8-9cb7-e8ca6a2c0ab2,,2,의사일정 제1항 2025년도 제2회 추가경정예산안 수정예산안을 포함하여 상정합니다. 전문위원 나오셔서 검토보고하여 주시기 바랍니다.,김진석 위원장이 의사일정 제1항으로 2025년도 제2회 추가경정예산안 수정예산안을 상정했다. 전문위원에게 해당 예산안에 대한 검토보고를 요청했다.,"[""추가경정예산안"",""수정예산안"",""의사일정"",""예산검토"",""위원회""]",,,2025-10-19T07:39:33.567048+00:00,2025-10-19T07:39:33.567048+00:00
dffa4437-4fa5-44e0-a0ca-49f681247d44,30825412-84e4-42a8-9cb7-e8ca6a2c0ab2,,3,"전문위원 성기정입니다. 2025년도 제2회 추가경정예산안은 민생회복 소비쿠폰 2차 국도비 보조금이 추가로 내시됨에 따라 수정예산안이 함께 제출된 것으로 이에 대한 검토 결과를 보고드리겠습니다. 이번 추경은 집행되지 않은 사업비와 입찰 차액, 집행잔액 등을 감액하고 국도비 보조금 반환 및 변경 내시분 등 법적·의무적 경비를 우선 반영함으로써 재정의 건전성과 효율성을 제고하고자 한 것으로 검토됩니다. 이러한 편성 방향은 예산 낭비를 최소화하고 실제 수요가 있는 사업에 재원을 집중함으로써 지역 주민의 요구에 신속하게 대응하고 행정서비스의 질 향상에도 긍정적인 효과가 있을 것으로 판단됩니다. 다만 사업을 적기에 추진하지 못해 예산이 전액 반납되는 사례가 반복되고 있으므로 예산관리 부서와 각 사업부서는 집행 현황을 철저히 관리·점검하여 불용 예산이 최소화되도록 할 필요가 있습니다. 아울러 최근 세입 추계의 불확실성과 정책 수요의 다양화로 인해 예산편성의 정확성과 집행의 탄력성이 어느 때보다 중요해지고 있습니다. 향후 예산편성 시에는 사업의 타당성 검토와 세입 예측의 정밀성, 집행잔액 최소화에 더욱 힘써야 할 것으로 사료됩니다. 이상으로 검토보고를 마치겠습니다.",2025년도 제2회 추가경정예산안은 민생회복 소비쿠폰 국도비 보조금 반영과 집행잔액 감액을 통해 재정 건전성을 높이고자 한다. 예산 집행의 효율성 제고와 불용 예산 최소화를 강조하고 있다.,"[""추가경정예산"",""민생회복"",""재정건전성"",""예산집행"",""세입예측""]",,,2025-10-19T07:39:36.572865+00:00,2025-10-19T07:39:36.572865+00:00
6ef7595d-0ee6-4b63-8742-f2c7000018c6,30825412-84e4-42a8-9cb7-e8ca6a2c0ab2,,4,전문위원 수고하셨습니다. 먼저 재무국 소관 예산안에 대해 심사토록 하겠습니다. 재무국장 나오셔서 총괄 설명해 주시기 바랍니다.,김진석 위원장이 의회 회의에서 재무국 소관 예산안 심사를 시작하려 한다. 전문위원의 보고를 듣고 재무국장에게 총괄 설명을 요청하고 있다.,"[""의회"",""예산안"",""재무국"",""심사"",""위원장""]",,,2025-10-19T07:39:38.998832+00:00,2025-10-19T07:39:38.998832+00:00
0033de39-4238-4622-b565-a6e5b86a2f1d,30825412-84e4-42a8-9cb7-e8ca6a2c0ab2,,5,"재무국장 김홍신입니다. 연일 계속되는 의정활동에 노고가 많으신 김진석 위원장님을 비롯한 여러 위원님들께 감사드립니다. 재무국 소관 2025년도 제2회 추가경정예산안에 대해 설명드리겠습니다. 먼저 일반회계 세입예산안 23쪽 및 수정 세입예산안 19쪽입니다. 기정예산 대비 4022억 2686만 원이 증가한 3조 4669억 6003만 원을 편성하였으며, 주요 증액 내용은 지방세 170억 원, 세외수입 145억 5168만 원, 조정교부금 134억 8000만 원, 국도비 보조금 3015억 161만 원, 보전수입 등 553억 1857만 원입니다. 이어서 재무국 소관 세출예산안에 대하여 설명드리겠습니다. 먼저 221쪽 회계과 소관으로 기정 예산액 대비 946만 원이 감소한 2361억 268만 원을 편성하였습니다. 주요 증감내역은 결산서 제작 감 400만 원, 결산검사위원 수당 및 운영실비 감 356만 원입니다. 다음은 225쪽부터 227쪽 재산관리과 소관사항으로, 기정 예산액 대비 2억 2413만 원을 증액하여 145억 1618만 원을 편성하였습니다. 주요 증감내역으로는 차량운행 및 유지비 감 1억 4000만 원, 재해복구 및 영조물 배상공제비 증 4억 4000만 원, 행정타운 시설정비 집행잔액 감 4800만 원, 주차타워 건립 타당성 조사 증 2500만 원입니다. 다음은 231쪽부터 232쪽 세정과 소관으로 기정 예산액 대비 8784만 원이 증가한 11억 7328만 원을 편성하였습니다. 주요 증감내역은 지방세 정보시스템 운영 비용 감 7293만 원, 지방세정 및 세외수입 운영 종합평가 상사업비 등 도비 보조금 활용 관련 세정 운영 연찬회 개최 증 2000만 원, 세외수입 운영 유공공무원 국내연수 증 2500만 원, 지방세정 운영 유공공무원 국외연수 증 1억 원입니다. 다음은 235쪽 징수과 소관으로 기정 예산액 대비 6453만 원 증가한 10억 441만 원을 편성하였습니다. 주요 증감내역으로는 체납액 정리 출장여비 증 434만 원, 체납관리 유공공무원 국외연수 증 5600만 원 등 도세 체납징수 활동비 도비 보조금 활용 건입니다. 이상으로 제안설명을 마치겠습니다. 감사합니다.","김홍신 재무국장은 2025년도 제2회 추가경정예산안을 설명하며, 일반회계 세입예산은 3조 4669억 원으로 4022억 원 증가했다. 재무국 소관 세출예산은 각 부서별로 세부 증감 내역을 상세히 보고했다.","[""추가경정예산"",""세입예산"",""세출예산"",""재무국"",""예산증액""]",,,2025-10-19T07:39:42.193379+00:00,2025-10-19T07:39:42.193379+00:00
4405eff9-f486-45bc-b15d-ad0ba8b9813a,a8bc2e7a-8836-43bf-a487-63244d112702,,1,"의석을 바로 해 주시기 바랍니다. 성원이 되었으므로 제295회 용인시의회 임시회 제3차 문화복지위원회 회의를 개회하겠습니다. 2025년도 제2회 추가경정예산안은 용인시장으로부터 수정예산안이 심사 전에 제출된 바 수정예산안을 포함하여 심사하도록 하겠습니다. 금일 회의에서는 배부해 드린 의사일정과 같이 각 구청, 교육청년여성국, 문화체육관광국 소관 예산안에 대하여 심사하도록 하겠습니다. 심도 있고 원활한 심사가 될 수 있도록 협조해 주실 것을 당부드립니다.","김상수 위원장이 제295회 용인시의회 임시회 제3차 문화복지위원회 회의를 개회하고, 2025년도 제2회 추가경정예산안을 심사하기로 결정했다. 각 구청과 관련 부서의 예산안을 심도 있게 심사할 것을 당부했다.","[""용인시의회"",""문화복지위원회"",""추가경정예산안"",""예산심사"",""임시회""]",,,2025-10-19T07:40:13.834234+00:00,2025-10-19T07:40:13.834234+00:00
f8d7aafd-3961-446e-8875-50458f8b19ed,a8bc2e7a-8836-43bf-a487-63244d112702,,2,"전문위원 최창훈입니다. 문화복지위원회 2025년도 제2회 추가경정예산안 및 수정예산안에 대하여 검토보고드리겠습니다. 총규모는 기정액 1조 4265억 원보다 약 3122억 원이 증액된 1조 7387억 원이며 회계별로는 일반회계가 3118억 원 증액된 1조 7335억 원, 특별회계가 3억 5125만 원 증액된 52억 4618만 원으로 계상되었습니다. 이번 수정예산안은 2025년 제2회 추경예산안 제출 이후 민생회복 소비쿠폰 2차 국도비보조금이 추가로 내시됨에 따라 809억 9405만 원이 추가 편성되었습니다. 주요 예산 편성 현황으로는 민생회복 소비쿠폰 지원금, 용인시 시민프로축구단 운영, 도서관 리모델링 및 건립사업 등으로 국도비 추가 등에 따른 변경 내시분을 반영하고 각종 사업의 변경 및 증가에 따른 예산의 증감분 등을 편성한 것이 주된 요인으로 판단됩니다. 다만 본예산이 아닌 추가경정예산에 대규모 예산이 수반되는 점을 감안할 때 예산 편성의 적시성 및 긴급성에 관한 심도 있는 검토가 이루어져야 할 것으로 판단됩니다. 이상으로 검토보고를 마치겠습니다.","2025년도 제2회 추가경정예산안은 기정액 대비 3122억 원 증액된 1조 7387억 원 규모로, 민생회복 소비쿠폰 지원 등이 주요 편성 내용이다. 다만 추경예산의 대규모 예산 편성에 대해 신중한 검토가 필요하다.","[""추가경정예산"",""민생회복"",""소비쿠폰"",""예산증액"",""국도비보조금""]",,,2025-10-19T07:40:17.044072+00:00,2025-10-19T07:40:17.044072+00:00
74a7e287-2710-4402-83f9-cea0d7cd57c1,a8bc2e7a-8836-43bf-a487-63244d112702,,3,처인구청장 송종률입니다. 의정활동에 노고가 많으신 문화복지위원회 김상수 위원장님과 여러 위원님들께 감사의 말씀을 드립니다. 처인구 문화복지위원회 소관 2025년도 제2회 추경 일반회계 예산안을 설명드리겠습니다. 총예산 규모는 기정액보다 1억 2099만 원을 증액한 62억 9466만 원을 계상하였습니다. 소관 부서별로 설명드리겠습니다. 먼저 493쪽 사회복지과 주요 내역으로는 집행잔액 등 725만 원을 감액한 2억 2211만 원을 계상하였습니다. 다음은 494쪽 가정복지과입니다. 노인복지 증진 사업 1억 961만 원 등을 증액한 60억 7255만 원을 계상하였습니다. 이상으로 제안설명을 마치겠습니다. 감사합니다.,"송종률 처인구청장이 2025년도 제2회 추경 일반회계 예산안을 설명했다. 총예산은 1억 2099만 원 증액된 62억 9466만 원이며, 사회복지과와 가정복지과의 예산 변동 내역을 상세히 보고했다.","[""추경예산"",""사회복지과"",""가정복지과"",""예산증액"",""문화복지위원회""]",,,2025-10-19T07:40:19.880385+00:00,2025-10-19T07:40:19.880385+00:00
bf563715-e5b2-4df4-a4d0-a862823d2583,a8bc2e7a-8836-43bf-a487-63244d112702,,4,"과장님, 수고 많으십니다. 설명서 394페이지 무연고 사망자 관리에 대해서 질의드리겠습니다. 공영장례 지원사업이고요. 자체 예산이 2회 추경으로 올라왔습니다. 작년에도 미지급액이 있고 올해도 국도비 내려온 걸로는 부족해서 시비 자체 예산을 편성하셔서 한꺼번에 요청하시는 사안으로 확인이 되는데요. 그러니까 결국은 예상한 것보다 무연고 사망자 수가 작년, 올해 계속 늘어나고 있는 거네요?","기주옥 위원은 공영장례 지원사업의 예산 부족 문제를 지적하며, 무연고 사망자 수가 지속적으로 증가하고 있음을 확인하고 있다. 이는 예상보다 많은 무연고 사망자 발생을 의미한다.","[""공영장례"",""무연고 사망자"",""예산"",""추경"",""사회복지""]",,,2025-10-19T07:40:22.783356+00:00,2025-10-19T07:40:22.783356+00:00
e2c873f3-134c-4a7c-8bf8-9c407a8941d0,743a471c-4b04-4342-a75e-4496e75fa379,,1,"성원이 되었으므로 제295회 용인시의회 임시회 제4차 문화복지위원회 회의를 개회하겠습니다. 금일 회의에서는 배부해 드린 의사일정과 같이 도서관사업소, 사회복지국, 각 구 보건소 소관 예산안에 대하여 심사하도록 하겠습니다. 심도 있고 원활한 심사가 될 수 있도록 협조해 주실 것을 당부드립니다.","김상수 위원장이 제295회 용인시의회 임시회 제4차 문화복지위원회 회의를 개회했다. 도서관사업소, 사회복지국, 각 구 보건소 소관 예산안을 심사하기로 하고, 위원들에게 협조를 당부했다.","[""용인시의회"",""문화복지위원회"",""예산안 심사"",""도서관사업소"",""사회복지국""]",,,2025-10-19T07:41:04.314435+00:00,2025-10-19T07:41:04.314435+00:00
1797da28-f29d-4822-9850-d0ef822bc6d8,743a471c-4b04-4342-a75e-4496e75fa379,,2,"도서관사업소장 김학면입니다. 의정활동에 노고가 많으신 문화복지위원회 김상수 위원장님을 비롯한 위원님들께 깊은 감사의 말씀을 드립니다. 도서관사업소 소관 2025년도 제2회 추가경정예산안에 대해 설명드리겠습니다. 총 세입예산안은 80억 2215만 원으로 기정예산액 대비 46억 7125만 원을 증액하였고, 총 세출예산안은 279억 8773만 원으로 기정예산액 대비 80억 2259만 원을 증액하였습니다. 각 부서별 주요 예산편성안에 대하여 설명드리겠습니다. 예산서 469쪽 도서관정책과 소관으로 기정예산액 대비 19억 1773만 원이 증액된 100억 8772만 원을 계상하였으며 주요 내용으로는 신봉동 도서관 건립비 12억 5000만 원 증액 및 보정동 도서관 개관 준비를 위한 가구 및 도서 구입으로 6억 8000만 원을 계상하였습니다. 예산서 474쪽 동부도서관 소관으로 중앙도서관 그린 리모델링 5억 원이 증액된 58억 7055만 원을 계상하였으며, 중부도서관은 시설개선 및 도서관 일반운영비 9883만 원을 감액하였습니다. 예산서 486쪽 서부도서관 소관으로 죽전도서관 리모델링 사업 공모 선정에 따른 56억 2563만 원이 증액된 86억 4001만 원을 계상하였습니다. 이상으로 제안설명을 마치겠습니다. 감사합니다.","도서관사업소의 2025년 제2회 추가경정예산안을 설명하며, 총 세입예산 80억 2215만 원, 총 세출예산 279억 8773만 원을 증액했다. 신봉동 도서관 건립, 보정동 도서관 준비, 죽전도서관 리모델링 등 주요 사업을 소개했다.","[""추가경정예산"",""도서관 건립"",""리모델링"",""도서관정책"",""시설개선""]",,,2025-10-19T07:41:07.365662+00:00,2025-10-19T07:41:07.365662+00:00
455dd2d0-5cc7-4f31-a553-8bd468044b40,743a471c-4b04-4342-a75e-4496e75fa379,,3,"사회복지국장 문명순입니다. 연일 계속되는 의정활동에 노고가 많으신 김상수 위원장님을 비롯한 위원님들께 감사의 말씀을 드리며 사회복지국 소관 2025년도 제2회 추가경정예산안에 대한 제안설명드리겠습니다. 사회복지국 소관 총예산액은 기정액 대비 1980억 1581만 3000원이 증액된 1조 3242억 4730만 9000원입니다. 먼저 369쪽 복지정책과 소관으로 기정액 대비 1754억 9721만 3000원이 증액된 3321억 5462만 4000원을 계상하였습니다. 주요 내역으로는 국도비 확정 내시에 따라 민생회복소비쿠폰 지원사업 1662억 5030만 원, 주거급여 39억 5111만 원을 증액 편성하였습니다. 다음으로 387쪽 노인복지과 소관으로 기정예산 대비 3억 7742만 원이 증액된 4153억 7361만 9000원을 계상하였습니다. 주요 사업은 국도비 변경 내시에 따른 노인장기요양 재가급여 4억 2171만 원 증액, 노인장기요양 시설급여 36억 3735만 원 감액이 반영되었습니다. 다음은 395쪽 장애인복지과 소관으로 기정액 대비 30억 9271만 원 1000원이 증액된 1382억 8899만 6000원을 계상하였습니다. 주요 내역으로 장애인활동보조 가산급여 1억 7738만 원, 발달장애인 주간활동서비스 지원 10억 244만 1000원 등을 국도비 변경 내시에 따라 증액 편성하였습니다. 마지막으로 407쪽 아동보육과 소관으로 기정예산 대비 190억 4846만 9000원이 증액된 4384억 3007만 원을 계상하였습니다. 주요 내용은 국공립법인 교직원 인건비 26억 2590만 2000원, 영유아보육료 지원 124억 8779만 3000원 등을 국도비 변경 내시에 따라 증액 편성하였습니다.","문명순 사회복지국장이 2025년도 제2회 추가경정예산안을 설명하며, 사회복지국 총예산은 1조 3242억 원으로 1980억 원이 증액되었다. 주요 증액 사업은 민생회복소비쿠폰, 주거급여, 장애인 및 아동 복지 지원 등이다.","[""추가경정예산"",""민생회복소비쿠폰"",""주거급여"",""노인복지"",""장애인복지""]",,,2025-10-19T07:41:10.615859+00:00,2025-10-19T07:41:10.615859+00:00
6c9512d1-66ea-4646-a288-f558a11102cc,743a471c-4b04-4342-a75e-4496e75fa379,,4,"과장님, 수고하십니다. 270페이지 보훈대상자 등 지원에 관해서 질의하도록 하겠습니다.",장정순 위원이 보훈대상자 지원과 관련된 내용을 질의하기 위해 발언하고 있다. 해당 안건의 270페이지를 언급하며 구체적인 질의 준비를 하고 있다.,"[""보훈대상자"",""지원"",""질의"",""위원회"",""페이지""]",,,2025-10-19T07:41:13.214356+00:00,2025-10-19T07:41:13.214356+00:00
3e484a18-5cb0-49c9-86a3-03bdf4c68921,743a471c-4b04-4342-a75e-4496e75fa379,,5,설명자료 270페이지요?,"지은선 복지정책과장이 의회에서 설명자료 270페이지에 대해 언급하고 있다. 구체적인 내용은 제시되지 않았으며, 단순히 페이지 번호를 확인하는 발언으로 보인다.","[""의회"",""복지정책"",""설명자료"",""페이지""]",,,2025-10-19T07:41:15.661077+00:00,2025-10-19T07:41:15.661077+00:00
da7ae5fd-172b-42cb-8de2-bf3d4639f1f9,743a471c-4b04-4342-a75e-4496e75fa379,,6,설명서. 이 사업 내용 보면 6.25 및 월남전 참전 유공자 3900명에 대한 명예수당이 조례 개정으로 올라서 드리는 거잖아요? 늦게나마 이러한 명예수당이 인상된 것이 다행이라고 생각하면서 환영할 만합니다. 그러나 우리 용인시의 명예수당이 타 지자체에 비해서 높지는 않지요?,"용인시의 6.25 및 월남전 참전 유공자 명예수당 조례 개정을 환영하면서, 타 지자체와 비교해 수당 수준이 높지 않음을 지적하고 있다.","[""명예수당"",""참전유공자"",""조례개정"",""6.25전쟁"",""월남전""]",,,2025-10-19T07:41:17.988586+00:00,2025-10-19T07:41:17.988586+00:00
bb043ab8-d112-4f8d-87d6-7f492e731c1b,743a471c-4b04-4342-a75e-4496e75fa379,,7,평균 정도 따라가고 있습니다.,지은선 복지정책과장은 현재 상황이 평균 수준에 머물러 있다고 평가했다. 구체적인 내용이나 맥락은 제시되지 않았다.,"[""평균"",""현황"",""복지정책"",""평가"",""수준""]",,,2025-10-19T07:41:20.146705+00:00,2025-10-19T07:41:20.146705+00:00
856fedf8-13fa-4742-a337-4c52488981ee,743a471c-4b04-4342-a75e-4496e75fa379,,8,"평균 이상입니까, 평균 미만입니까?","장정순 위원의 발언은 평균에 대한 질문으로, 구체적인 맥락이나 대상이 명확하지 않은 간략한 질문이다. 평균을 기준으로 한 상대적 위치나 수준에 대해 묻고 있다.","[""평균"",""이상"",""미만"",""질문"",""비교""]",,,2025-10-19T07:41:23.059237+00:00,2025-10-19T07:41:23.059237+00:00
5d08a65a-cd39-4b11-90fe-8adfc4ec5b51,743a471c-4b04-4342-a75e-4496e75fa379,,9,일률적으로 보훈명예수당과 참전에 대해서 중복이냐 아니냐에 따라서 그런데 저희가 평균보다 약간 밑도는 경우가 있습니다.,"보훈명예수당과 참전 여부에 대한 중복 지원 문제를 언급하며, 현재 지원 수준이 평균보다 다소 낮은 상황임을 설명하고 있다.","[""보훈명예수당"",""참전"",""중복 지원"",""평균 수준"",""복지정책""]",,,2025-10-19T07:41:25.62055+00:00,2025-10-19T07:41:25.62055+00:00
7db9e892-aa68-48b5-ab87-771ae3c1c20d,743a471c-4b04-4342-a75e-4496e75fa379,,10,"본 위원도 파악한 결과로는 낮아요, 타 지자체에 비해. 우리 용인시가 특례시예요. 특례시인데도 불구하고 낮다는 것은 의아하다고 생각하고요. 과장님, 65세 이상은 용인시에 몇 명 정도 되나요?","장정순 위원은 용인시의 특례시 지위에도 불구하고 어떤 지표가 낮다고 지적하며, 65세 이상 노인 인구수에 대해 질문하고 있다.","[""용인시"",""특례시"",""노인 인구"",""고령화"",""지방자치""]",,,2025-10-19T07:41:28.297286+00:00,2025-10-19T07:41:28.297286+00:00
67e02e19-1a41-4b9e-b36e-3d361f9bbb3e,095e97f2-1094-47a6-8a63-53fb5ce463bc,,1,"의석을 바로 해 주시기 바랍니다. 성원이 되었으므로 제295회 용인시의회 임시회 제4차 경제환경위원회 회의를 개회하겠습니다. 금일 본 위원회에서는 배부해 드린 의사일정과 같이 각 구청, 반도체경쟁력강화국, 상수도사업소, 하수도사업소, 농림축산국 소관 예산안에 대한 심사와 계수조정을 하도록 하겠습니다. 심도 있는 심사를 통해 원활한 의사 진행이 될 수 있도록 많은 협조를 부탁드립니다.","용인시의회 경제환경위원회 임시회 제4차 회의를 개회하며, 각 부서 소관 예산안에 대한 심사와 계수조정을 진행한다. 위원들에게 심도 있는 심사와 협조를 요청했다.","[""예산안 심사"",""경제환경위원회"",""임시회"",""계수조정"",""의사일정""]",,,2025-10-19T07:42:05.316532+00:00,2025-10-19T07:42:05.316532+00:00
c8c9811d-59cf-4712-b241-d9457df50ca3,095e97f2-1094-47a6-8a63-53fb5ce463bc,,2,처인구청장 송종률입니다. 의정활동에 노고가 많으신 경제환경위원회 신현녀 위원장님과 여러 위원님들께 감사의 말씀을 드립니다. 처인구 경제환경위원회 소관 2025년도 제2회 추경 일반회계 예산안을 설명드리겠습니다. 총예산규모는 기정액보다 1400만 원을 감액한 10억 5610만 원을 계상하였습니다. 649쪽 환경위생과 대기오염전광판 유지관리비 1400만 원을 감액한 3억 2967만 원을 계상하였습니다. 이상으로 제안설명을 마치겠습니다. 감사합니다.,"송종율 처인구청장이 2025년도 제2회 추경 일반회계 예산안을 설명했다. 총예산규모는 기정액보다 1400만 원 감액된 10억 5610만 원이며, 환경위생과 대기오염전광판 유지관리비를 1400만 원 감액했다.","[""추경예산"",""대기오염전광판"",""예산감액"",""처인구"",""환경위생과""]",,,2025-10-19T07:42:08.080815+00:00,2025-10-19T07:42:08.080815+00:00
75726a1b-851b-49b7-9286-7a345a075b2b,095e97f2-1094-47a6-8a63-53fb5ce463bc,,3,기흥구청장 오선희입니다. 신현녀 위원장님을 비롯한 여러 위원님들의 의정활동에 감사드리며 기흥구청 소관 2025년도 제2회 추가경정예산안을 설명드리겠습니다. 총예산액은 기정액 대비 1430만 원을 감액한 2억 2289만 원을 계상하였습니다. 내역은 655쪽 산업환경과 소관의 환경감시원 인건비 630만 원과 기본 여비 800만 원을 감액 계상하였습니다. 이상 제안설명을 마치겠습니다. 감사합니다.,"오선희 기흥구청장이 2025년도 제2회 추가경정예산안을 설명했다. 총예산액은 기정액 대비 1430만 원 감액된 2억 2289만 원으로, 환경감시원 인건비와 기본 여비를 감액 계상했다.","[""추가경정예산"",""기흥구청"",""예산감액"",""환경감시원"",""인건비""]",,,2025-10-19T07:42:11.021917+00:00,2025-10-19T07:42:11.021917+00:00
6483f85c-0460-49e7-bad1-f884bcf85a07,095e97f2-1094-47a6-8a63-53fb5ce463bc,,4,수지구청장 이영민입니다. 연일 계속되는 의정활동에 노고가 많으신 신현녀 위원장님을 비롯한 여러 위원님께 감사드리며 수지구 경제환경위원회 소관 2025년도 제2회 추가경정예산안을 설명드리겠습니다. 경제환경위원회 소관 수지구 세출 예산액은 기정액보다 210만 원을 증액한 1억 3183만 원을 계상하였습니다. 내역으로는 661쪽 산업환경과 소관 예산으로 국내여비 210만 원을 증액 계상하였습니다. 이상으로 제안설명을 마치겠습니다. 감사합니다.,"이영민 수지구청장이 2025년도 제2회 추가경정예산안을 설명했다. 경제환경위원회 소관 세출 예산액은 기정액보다 210만 원 증액된 1억 3183만 원이며, 산업환경과 국내여비 예산이 증액되었다.","[""추가경정예산"",""세출예산"",""국내여비"",""산업환경과"",""예산증액""]",,,2025-10-19T07:42:13.823785+00:00,2025-10-19T07:42:13.823785+00:00
d15ceff0-a0a7-4f0b-b415-e567376d7385,095e97f2-1094-47a6-8a63-53fb5ce463bc,,5,"안녕하세요, 과장님. 수고가 많으십니다. 제가 수지구 농지에 대해서는 계속 살펴보고 있는데요. 24년도에는 민원이 27건 발생했는데 25년 8월 말에는 54건이에요. 그래서 현장 나가서 살펴봤다고 했는데 그 부분에서 왜 이렇게 많이 발생이 늘었는지, 현장을 왜 나가시는 건지 상황 설명 부탁드립니다.",수지구 농지 민원이 24년도 27건에서 25년 8월 말 54건으로 급증했다. 박희정 위원은 민원 증가 원인과 현장 방문 이유에 대해 과장에게 설명을 요구하고 있다.,"[""수지구"",""농지"",""민원"",""현장 방문"",""증가""]",,,2025-10-19T07:42:16.362734+00:00,2025-10-19T07:42:16.362734+00:00
2d44d163-242d-4d65-a260-21f353c24591,095e97f2-1094-47a6-8a63-53fb5ce463bc,,6,과장님 수고 많으십니다. 설명서 441쪽 확인차 묻겠는데요. 지금까지 용인시가 유소년 승마단 운영 사업이나 다른 승마 관련 사업 예산에서 직접 말 구입한 사례가 있나요?,황미상 위원은 용인시의 유소년 승마단 운영 사업과 관련하여 말 구입 사례에 대해 질의하고 있다. 예산 집행과 관련된 구체적인 정보를 확인하고자 한다.,"[""용인시"",""유소년 승마단"",""말 구입"",""예산"",""사업""]",,,2025-10-19T07:42:18.983014+00:00,2025-10-19T07:42:18.983014+00:00
cac49b89-7c25-4f5f-94de-3b0840166d5c,095e97f2-1094-47a6-8a63-53fb5ce463bc,,7,"수고 많으십니다, 과장님. 설명서 434쪽에 구거 정비 사업이 있는데요. 지금 원래 기정예산 대비해서 1억을 더 세우신 것 같아요. 여기 위치가 딱 지정되어 있는데 이미 추진실적에 3개 구거 정비를 공사착공해서 준공하셨거든요. 그 외에도 또 구거가 그 근방에 더 있어서 추진하시는 건가요?","이윤미 위원은 구거 정비 사업 예산에 대해 질문하고 있다. 이미 3개 구거 정비 공사를 완료했음을 언급하며, 추가 구거 정비 계획에 대해 확인하고자 한다.","[""구거 정비"",""예산"",""공사 착공"",""준공"",""추진실적""]",,,2025-10-19T07:42:21.678495+00:00,2025-10-19T07:42:21.678495+00:00
0f49edc1-9fd1-4e6f-b480-5b44c4ba6834,095e97f2-1094-47a6-8a63-53fb5ce463bc,,8,"경제환경위원회 이진규 위원입니다. 본 위원회에서 심사한 2025년도 제2회 추가경정예산안, 수정예산안, 2025년도 기금운용계획 변경안에 대한 계수조정 결과를 보고드리겠습니다. 먼저 심사 경과를 보고드리면 본 안건은 2025년 8월 22일 용인시장으로부터 제출되었으며 수정예산안이 심사 전에 제출되어 수정예산안을 포함하여 9월 12일, 15일, 2일간 본 위원회에서 심사하였습니다. 계수조정 결과로는 2025년도 제2회 추가경정예산안, 수정예산안 중 일반 및 기타특별회계 세입 부분은 집행부 원안대로 의결하기로 하였고 세출 부분은 5310억 8128만 원 중 계수 조정한 결과 1억 원을 감액 조정하였습니다.","이진규 위원이 경제환경위원회에서 2025년도 제2회 추가경정예산안을 심사했다. 9월 12일과 15일 이틀간 심사를 진행했으며, 세출 부분에서 1억 원을 감액 조정했다.","[""추가경정예산안"",""경제환경위원회"",""세출 조정"",""용인시"",""예산 심사""]",,,2025-10-19T07:42:24.829133+00:00,2025-10-19T07:42:24.829133+00:00
1b8c22a0-578c-4d58-ba33-74ecab64083c,4115c43b-05a8-44b9-97cd-4301612ef1a3,,1,의석을 정돈하여 주시기 바랍니다. 성원이 되었으므로 제295회 용인시의회 임시회 제2차 예산결산특별위원회 회의를 개회하겠습니다.,황재욱 위원장이 제295회 용인시의회 임시회 제2차 예산결산특별위원회 회의를 개회하였다. 의석 정돈 후 성원이 되었음을 확인하고 회의를 시작하였다.,"[""용인시의회"",""예산결산특별위원회"",""임시회"",""회의 개회"",""의석 정돈""]",,,2025-10-19T07:42:45.248177+00:00,2025-10-19T07:42:45.248177+00:00
b39259df-87b8-41a0-a37b-c071b9127bbc,4115c43b-05a8-44b9-97cd-4301612ef1a3,,2,"다음으로 의사일정 제1항 2025년도 제2회 추가경정예산안(수정예산안포함)과 의사일정 제2항 2025년도 기금운용계획 변경안을 일괄 상정합니다. 금일은 배부해 드린 의사일정과 같이 각 구청, 기후환경위생국, 농업기술센터, 상수도사업소, 하수도사업소, 안전정책관, 재난대응담당관, 도시기획단, 도시정책실, 교통정책국, 건설국, 푸른공원사업소, 차량등록사업소, 의회사무국 예산안에 대해 심사하도록 하겠습니다.",황재욱 위원장이 2025년도 제2회 추가경정예산안과 기금운용계획 변경안을 일괄 상정했다. 각 부서의 예산안에 대한 심사를 진행하기로 결정했다.,"[""추가경정예산안"",""기금운용계획"",""예산심사"",""부서예산"",""의회""]",,,2025-10-19T07:42:47.830568+00:00,2025-10-19T07:42:47.831579+00:00
6414161b-8c30-41a4-ada3-b031f42dc0f4,4115c43b-05a8-44b9-97cd-4301612ef1a3,,3,"과장님, 수고 많으십니다. 지금 남사읍에 원암리 상습 침수지역 개선사업 해서 2억을 반납하고자 들어왔는데 내용 좀 설명해 주시겠어요?",이진규 위원이 남사읍 원암리의 상습 침수지역 개선사업과 관련하여 2억 원 반납에 대한 설명을 요청하고 있다. 사업의 구체적인 내용과 배경에 대해 담당 과장에게 질의하고 있다.,"[""남사읍"",""원암리"",""상습 침수지역"",""개선사업"",""예산 반납""]",,,2025-10-19T07:42:50.852488+00:00,2025-10-19T07:42:50.852488+00:00
d9eb140e-a3c9-4b57-acdf-daf9833001fa,4115c43b-05a8-44b9-97cd-4301612ef1a3,,4,이 예산은 원암리 상습 침수구역 개선사업으로 2024년 특조로 해서 3억을 받아서 1공구는 공사를 착공해서 준공까지 완료한 사항입니다. 그리고 2공구로 해서 2억의 예산을 올렸는데 원래 토지 소유자하고 구두로 사용 승낙을 받아놨는데 토지 소유자가 땅 매각 제안이 들어왔나 봅니다. 그래서 이거에 대해서 다시 철회를 해서 만약에 예산을 그대로 세운다면 공사를 제대로 못 하고 예산을 다시 반납해야 되는 상황이 돼서 이번에 계수조정 때 설명을 드리고 예산을 미반영하게 됐습니다.,"원암리 상습 침수구역 개선사업의 1공구는 완료되었으나, 2공구는 토지 소유자의 입장 변화로 예산 반영을 미뤘다. 토지 사용 승낙 문제로 예산 집행에 어려움이 예상된다.","[""상습 침수구역"",""특조예산"",""토지 사용 승낙"",""공사 지연"",""예산 미반영""]",,,2025-10-19T07:42:54.283425+00:00,2025-10-19T07:42:54.283425+00:00
234be4b1-cc4a-4a43-ba5e-444589b14ac3,0797c27c-06db-4d24-8954-df93b225fa0f,,1,"의석을 바로 해 주시기 바랍니다. 성원이 되었으므로 제295회 용인시의회 임시회 제4차 자치행정위원회 회의를 개회하겠습니다. 금일 본 위원회에서는 배부해 드린 의사일정과 같이 공보관, 미디어담당관, 각 구청 및 읍면동 소관 예산안에 대해 심사 후 계수조정을 하도록 하겠습니다. 심도 있고 원활한 심사가 될 수 있도록 협조해 주실 것을 당부드립니다.","김진석 위원장이 제295회 용인시의회 임시회 제4차 자치행정위원회 회의를 개회했다. 공보관, 미디어담당관, 각 구청 및 읍면동 소관 예산안을 심사하고 계수조정을 진행할 예정이다.","[""용인시의회"",""자치행정위원회"",""예산안"",""심사"",""계수조정""]",,,2025-10-28T17:19:14.440299+00:00,2025-10-28T17:19:14.440307+00:00
4d3698a7-5e81-498b-abb4-273439cf0576,0797c27c-06db-4d24-8954-df93b225fa0f,,2,"공보관 김현기입니다. 의정활동에 노고가 많으신 김진석 위원장님을 비롯한 위원님들께 감사드리며, 공보관 소관 2025년도 제2회 추가경정 세출 예산안에 대해 설명드리겠습니다. 예산서 175쪽입니다. 총 예산규모 39억 1410만 8000원에서 2474만 7000원을 감액하여 38억 8936만 1000원을 편성하였습니다. 5월 13일 자 조직개편에 따른 업무 이관에 따라 시정홍보 영상물 제작에 4890만 원을 감액하였고, 취재지원 및 언론홍보 업무추진비와 기본경비 총 5건 등 2215만 3000원을 증액 편성하였습니다. 이상으로 공보관 소관 2025년도 제2회 추가경정예산안에 대한 설명을 마치겠습니다.","김현기 공보관은 2025년도 제2회 추가경정 세출 예산안을 설명했다. 총 예산규모 39억 1410만 8000원에서 2474만 7000원을 감액하여 38억 8936만 1000원으로 편성했으며, 조직개편에 따른 예산 조정을 진행했다.","[""추가경정예산"",""조직개편"",""시정홍보"",""예산감액"",""언론홍보""]",,,2025-10-28T17:19:17.620162+00:00,2025-10-28T17:19:17.620168+00:00
313840bf-7ffb-4215-a4e4-62a4ab773d8d,0797c27c-06db-4d24-8954-df93b225fa0f,,3,"미디어담당관 이상철입니다. 의정활동에 노고가 많으신 김진석 위원장님을 비롯한 위원님들께 감사드리며, 미디어담당관 소관 2025년도 제2회 추가경정 세출 예산안에 대해 설명드리겠습니다. 예산서 179쪽에서 180쪽입니다. 총 예산규모 22억 8513만 4000원에서 3024만 9000원을 증액하여 23억 1538만 3000원을 편성하였습니다. 주요 내용으로는 시정소식지 발행 용역의 낙찰차액으로 1361만 1000원을 감액하였으며 홍보영상물 제작 업무가 공보관에서 미디어담당관으로 이관됨에 따라 홍보영상물 제작 예산 4890만 원을 편성하였습니다. 마지막으로 수정예산서 121쪽입니다. 2회 추경예산안 제출 이후에 민생회복 소비쿠폰 사업 2차 확정 내시가 통보됨에 따라 성립전 예산 438만 원에 592만 원을 추가하여 민생회복 소비쿠폰 홍보물 제작을 위한 예산 1030만 원을 편성하였습니다. 이상으로 미디어담당관 소관 예산안에 대한 설명을 마치겠습니다. 감사합니다.","미디어담당관 이상철이 2025년도 제2회 추가경정 세출 예산안을 설명했다. 총 예산규모는 23억 1538만 3000원으로, 홍보영상물 제작 예산 편성과 민생회복 소비쿠폰 홍보물 제작 예산을 포함하고 있다.","[""추가경정 예산"",""홍보영상물"",""민생회복 소비쿠폰"",""미디어담당관"",""예산 편성""]",,,2025-10-28T17:19:20.808745+00:00,2025-10-28T17:19:20.808751+00:00
8f0f0bac-3fc6-4658-b920-e7efd3ba8763,0797c27c-06db-4d24-8954-df93b225fa0f,,4,"처인구청장 송종률입니다. 의정활동에 노고가 많으신 자치행정위원회 김진석 위원장님과 여러 위원님들께 감사의 말씀을 드립니다. 처인구 자치행정위원회 소관 2025년도 제2회 추경 일반회계 예산안을 설명드리겠습니다. 총 예산규모는 기정액보다 11억 9861만 원을 증액한 313억 9950만 원을 계상하였습니다. 소관 부서별로 설명을 드리겠습니다. 먼저 241쪽 자치행정과 주요 내역으로는 공공체육시설 유지보수 및 환경 개선사업 3억 7000만 원 등 본예산 대비 1억 2144만 원을 증액한 90억 5768만 원을 계상하였습니다. 다음은 249쪽부터 262쪽까지 처인구 읍면동 주요 내역입니다. 포괄사업비 1억 9000만 원, 역북동 청사 방수공사 5000만 원 등 본예산 대비 10억 7011만 원을 증액한 197억 7196만 원을 계상하였습니다. 이상으로 제안설명을 마치겠습니다. 감사합니다.","송종률 처인구청장이 2025년도 제2회 추경 일반회계 예산안을 설명했다. 총 예산규모는 기정액보다 11억 9861만 원 증액된 313억 9950만 원이며, 자치행정과와 읍면동 예산을 각각 증액 편성했다.","[""추경예산"",""자치행정과"",""처인구"",""예산증액"",""읍면동""]",,,2025-10-28T17:19:24.490426+00:00,2025-10-28T17:19:24.490433+00:00
cdfb6975-2a4a-413d-b871-e01063ee93ac,0797c27c-06db-4d24-8954-df93b225fa0f,,5,"기흥구청장 오선희입니다. 김진석 위원장님을 비롯한 여러 위원님들의 의정활동에 감사드리며, 기흥구청 소관 2025년도 제2회 추가경정예산안에 대해 설명드리겠습니다. 총예산액은 기정액 대비 3262만 원을 감액한 186억 3045만 원을 계상하였습니다. 부서별 예산내역을 말씀드리면, 먼저 267쪽 자치행정과 소관 예산은 기정액 대비 2억 2661만 원을 감액한 96억 4360만 원을 계상하였습니다. 주요 내역은 청사 보안요원 경비용역 계약에 따른 낙찰차액 1억 728만 원과 성과상여금 집행잔액 1억 2409만 원을 감액 계상하였으며, 게이트볼장 지붕 보수 등 3건에 1억 1400만 원을 증액 계상하였습니다. 다음은 270쪽 민원지적과 소관 예산으로 지적재조사사업 조정금 1억 6402만 원을 증액 등 기정액 대비 1억 6363만 원 증액한 7억 2164만 원을 계상하였습니다. 다음은 271쪽 세무1과 소관 예산으로 우편요금 2000만 원 감액 등 기정액 대비 2380만 원 감액한 5억 6352만 원을 계상하였습니다. 다음은 272쪽 세무2과 소관 예산으로 우편요금 1600만 원 감액 등 기정액 대비 1525만 원 감액한 3억 1954만 원을 계상하였습니다. 다음은 275쪽부터 285쪽까지 동 행정복지센터 예산으로, 기정액 대비 6940만 원을 증액한 73억 8213만 원을 계상하였습니다. 주요 내역은 영덕1동 청사 입구 계단 보수공사에 1222만 원과 상갈동 주민자치센터 공유주방 리모델링 공사에 1억 원을 계상하였습니다. 이상 제안설명을 마치겠습니다. 감사합니다.","기흥구청장 오선희가 2025년도 제2회 추가경정예산안을 설명했다. 총예산액은 186억 3045만 원으로, 기정액 대비 3262만 원을 감액했으며, 각 부서별 예산 조정 내역을 상세히 발표했다.","[""추가경정예산"",""기흥구청"",""예산감액"",""동 행정복지센터"",""청사보수""]",,,2025-10-28T17:19:27.598585+00:00,2025-10-28T17:19:27.598591+00:00
68ce21b0-32b9-48c7-94eb-8fb688ee7c92,0797c27c-06db-4d24-8954-df93b225fa0f,,6,"구청장님, 다른 건 아니고 궁금해서 한번 여쭤보려고 합니다. 지금 보면 길 쪽이나 보행자 도로나 아니면 신갈천 주변 보니까 제초도 하고 하는데 저희 제초작업이 1년에 몇 회 정도 되나요?","김길수 위원은 구청장에게 지역 내 길과 보행자 도로, 신갈천 주변의 제초작업 빈도에 대해 질문하고 있다. 지역 환경 관리에 대한 관심을 보이며 구체적인 정보를 알고자 한다.","[""제초작업"",""보행자 도로"",""신갈천"",""환경 관리"",""지역 정비""]",,,2025-10-28T17:19:31.328132+00:00,2025-10-28T17:19:31.328155+00:00
f1e40210-564e-40c4-9802-f5cd1a1a32e2,0797c27c-06db-4d24-8954-df93b225fa0f,,7,업무에 노고가 많으십니다. 신나연 위원입니다. 저희 사업설명서 165페이지고 법화산 문화축제 감액을 하셨는데 내용 설명 부탁드립니다.,신나연 위원이 사업설명서 165페이지의 법화산 문화축제 예산 감액에 대한 설명을 요청하고 있다. 업무 담당자에게 구체적인 내용 해명을 요구하고 있다.,"[""법화산 문화축제"",""예산 감액"",""사업설명서"",""위원회"",""예산""]",,,2025-10-28T17:19:34.480759+00:00,2025-10-28T17:19:34.480764+00:00
1fc2f1d8-54e6-418e-870e-c9fe41868a17,0797c27c-06db-4d24-8954-df93b225fa0f,,8,"수지구청장 이영민입니다. 연일 계속되는 의정활동에 노고가 많으신 김진석 위원장님을 비롯한 여러 위원님께 깊은 감사를 드리며, 수지구 자치행정위원회 소관 2025년도 제2회 추가경정예산안을 설명드리겠습니다. 먼저 세입예산은 유인물로 갈음 보고드리겠습니다. 총 예산규모는 기정액보다 3억 6120만 원을 감액한 135억 9819만 원을 계상하였습니다. 부서별 예산 내역을 설명드리겠습니다. 먼저 291쪽부터 293쪽까지 자치행정과 소관 예산으로 기정액보다 1억 2156만 원을 감액한 68억 171만 원을 계상하였습니다. 주요 내역은 청사 보안요원 경비용역 계약에 따른 낙찰차액 7612만 원, 성과상여금 집행잔액 8948만 원을 감액 계상하였습니다. 다음 수지 체육공원 농구장 환경개선 사업 등 5건에 대해서 1억 370만 원을 증액 계상하였습니다. 다음은 299쪽부터 309쪽까지 동 행정복지센터 예산으로 기정액보다 1억 791만 원을 감액한 54억 3729만 원을 계상하였습니다. 주요 내역으로는 상현2동 청사 소규모 수선에 대해 748만 원을 증액 계상하였습니다. 이상으로 제안설명을 마치겠습니다. 감사합니다.","이영민 수지구청장이 2025년도 제2회 추가경정예산안을 설명했다. 총 예산규모는 기정액보다 3억 6120만 원 감액된 135억 9819만 원이며, 자치행정과와 동 행정복지센터 예산을 상세히 보고했다.","[""추가경정예산"",""자치행정과"",""동 행정복지센터"",""예산 감액"",""체육공원""]",,,2025-10-28T17:19:37.914986+00:00,2025-10-28T17:19:37.914991+00:00
4fdf079d-a9dc-4f2e-9ad4-34b80ccee510,0797c27c-06db-4d24-8954-df93b225fa0f,,9,"자치행정위원회 안치용 의원입니다. 본 위원회에서 심사한 2025년도 제2회 추가경정예산안 수정예산안 포함에 대한 계수조정 결과를 보고드리겠습니다. 2025년도 추가경정예산안 중 일반 및 기타 특별회계 세입 부분은 집행부 원안대로 의결하기로 하였고, 본 위원회 소관 일반회계 세출예산안은 4842억 7745만 2000원 중 계수조정한 결과 정책기획과 소관 처인구청 신축 타당성 조사용역 7500만 원, 자치분권과 소관 시정발전 유공 민간인 표창장 제작 등 2000만 원, 재산관리과 소관 문화복지 행정타운 주차타워 건립 타당성 조사 2000만 원, 남사읍 소관 원암리 상습 침수지역 개선사업 2억 원 등 총 3억 1500만 원을 감액하여 전액 내부 유보금으로 편성키로 결정하였습니다. 세부적인 증감 내역은 배부해 드린 유인물을 참고해 주시기 바랍니다. 감사합니다.",안치용 간사는 2025년도 제2회 추가경정예산안에 대한 자치행정위원회의 계수조정 결과를 보고했다. 총 3억 1500만 원을 감액하여 내부 유보금으로 편성하기로 결정했다.,"[""추가경정예산안"",""계수조정"",""내부유보금"",""세출예산"",""감액""]",,,2025-10-28T17:19:40.897721+00:00,2025-10-28T17:19:40.897726+00:00
be5827ed-47ec-494c-8196-071f0b3e5912,9a41bd20-da09-47ab-b6d6-6adc546456aa,,1,의석을 바로 해 주시기 바랍니다. 성원이 되었으므로 제296회 용인시의회 임시회 제1차 의회운영위원회 회의를 개의하겠습니다. 오늘 우리 위원회에서는 배부해 드린 의사일정과 같이 용인시의회 직장 내 성희롱·성폭력·스토킹 피해자 치유 및 회복 지원에 관한 조례안 등 3건의 조례안과 1건의 규칙안을 심사하도록 하겠습니다. 심도 있는 심사를 부탁드리며 원활한 의사진행이 될 수 있도록 많은 협조를 당부드립니다.,이상욱 위원장대리가 제296회 용인시의회 임시회 제1차 의회운영위원회 회의를 개의했다. 성희롱·성폭력·스토킹 피해자 치유 및 회복 지원에 관한 조례안 등 총 4건의 안건을 심사하기로 결정했다.,"[""의회운영위원회"",""조례안"",""성희롱"",""성폭력"",""스토킹""]",,,2025-10-28T17:20:04.197597+00:00,2025-10-28T17:20:04.197603+00:00
ba4af28c-6dd3-46d8-b11b-d35709fba844,9a41bd20-da09-47ab-b6d6-6adc546456aa,86871ea7-ce32-4df0-9acf-f29897fd08c7,2,안녕하십니까? 이윤미 의원입니다. 의정활동에 전념하시는 동료 의원 여러분께 깊은 감사를 드리며 본 의원과 유진선·신현녀·김윤선·박은선·남홍숙·윤원균·김희영·박인철·김영식·신나연·김병민·안지현·이상욱·박병민·기주옥 의원 등 총 16명의 의원이 공동 발의한 의안번호 제2025-197호 용인시의회 직장 내 성희롱·성폭력·스토킹 피해자 치유 및 회복 지원 조례안에 대해 제안설명드리겠습니다...,이윤미 의원이 16명의 의원과 함께 용인시의회 직장 내 성희롱·성폭력·스토킹 피해자 치유 및 회복 지원 조례안을 공동 발의했다. 이 조례안은 직장 내 성폭력 피해자 보호와 지원을 목적으로 한다.,"[""성희롱"",""성폭력"",""스토킹"",""피해자 지원"",""조례안""]",,,2025-10-28T17:20:07.464631+00:00,2025-10-28T17:20:07.464638+00:00
807ba780-3353-471f-9d13-16ec1e05552f,9a41bd20-da09-47ab-b6d6-6adc546456aa,,3,김윤선 위원입니다. 먼저 이 조례를 공동 발의하는 입장에서 서명할 때 정확히 내용을 파악하지 못하고 상임위원회에서 질문을 하게 돼서 죄송하다는 말씀을 드리면서 몇 가지 물어보겠습니다...,"김윤선 위원은 조례 공동 발의 시 내용을 정확히 파악하지 못한 점에 대해 사과하고, 상임위원회에서 추가 질문을 하겠다고 밝혔다. 조례의 세부 내용에 대해 더 자세히 알고자 하는 의지를 보였다.","[""조례"",""공동발의"",""상임위원회"",""질문"",""사과""]",,,2025-10-28T17:20:10.656798+00:00,2025-10-28T17:20:10.656804+00:00
678d4234-9291-4912-8100-0af393dcde4e,9a41bd20-da09-47ab-b6d6-6adc546456aa,,4,의원님 보시기에 조례는 뭐라고 생각하십니까? 조례의 정의를 말씀해 주시면 고맙겠습니다...,이창식 위원이 다른 의원에게 조례의 정의에 대해 질문하고 있다. 조례의 법적 의미와 개념을 명확히 하고자 하는 의도로 보인다.,"[""조례"",""정의"",""법률"",""의회"",""질문""]",,,2025-10-28T17:20:13.188843+00:00,2025-10-28T17:20:13.188849+00:00
d8dfbdee-14a8-4550-965b-d970ba6a1484,9a41bd20-da09-47ab-b6d6-6adc546456aa,d6b83d6e-7c95-4292-a261-aa32a5e71dca,5,안녕하십니까? 기주옥 의원입니다. 의정활동에 전념하시는 동료 의원 여러분께 깊은 감사를 드리며 본 의원과 이윤미·김윤선·임현수·박인철·김영식·이상욱 의원 등 총 7명의 의원이 공동 발의한 의안번호 제2025-198호 용인시의회 공무원 복무 조례 일부개정조례안에 대해 제안설명드리겠습니다...,기주옥 의원이 7명의 의원과 함께 용인시의회 공무원 복무 조례 일부개정조례안을 공동 발의했다. 의회 동료 의원들에게 감사를 표하며 해당 조례안에 대한 제안설명을 시작했다.,"[""용인시의회"",""공무원 복무 조례"",""조례 개정"",""공동 발의"",""의안""]",,,2025-10-28T17:20:16.547568+00:00,2025-10-28T17:20:16.547574+00:00
a405b80d-7d99-4402-b6c7-d47e193f8564,9a41bd20-da09-47ab-b6d6-6adc546456aa,4a70c4b2-6479-4a83-9b59-985a516b61c2,6,안녕하십니까? 김영식 의원입니다. 의정활동에 전념하시는 동료 의원 여러분께 깊은 감사를 드리며 본 의원과 이윤미·김윤선·임현수·박인철·이상욱·기주옥 의원 등 총 7명의 의원이 공동 발의한 의안번호 제2025-199호 용인시의회 입법 및 법률고문 운영 조례 일부개정조례안에 대해 제안설명드리겠습니다...,김영식 의원이 용인시의회 입법 및 법률고문 운영 조례 일부개정조례안을 7명의 의원과 공동 발의했다. 본 발언은 해당 조례안에 대한 제안설명을 위한 것이다.,"[""용인시의회"",""입법고문"",""법률고문"",""조례개정"",""공동발의""]",,,2025-10-28T17:20:19.813458+00:00,2025-10-28T17:20:19.813464+00:00
493428a0-1000-4312-a86b-aec647b1bcf2,9a41bd20-da09-47ab-b6d6-6adc546456aa,38136c0f-150f-451c-9834-fcc90f2bc492,7,안녕하십니까? 김윤선 의원입니다. 의정활동에 전념하시는 동료 의원 여러분께 깊은 감사를 드리며 본 의원과 이윤미·임현수·박인철·김영식·이상욱·기주옥 의원 등 총 7명의 의원이 공동 발의한 의안번호 제2025-200호 용인시의회 윤리특별위원회 구성과 운영에 관한 규칙 일부개정규칙안에 대해 제안설명드리겠습니다...,김윤선 의원이 7명의 의원과 함께 용인시의회 윤리특별위원회 구성과 운영에 관한 규칙 일부개정규칙안을 공동 발의했다. 의회 동료 의원들에 대한 감사를 표하며 해당 의안에 대한 제안설명을 시작했다.,"[""윤리특별위원회"",""의안"",""규칙개정"",""공동발의"",""의정활동""]",,,2025-10-28T17:20:23.176502+00:00,2025-10-28T17:20:23.176506+00:00
891905d8-cd7e-4207-bc85-76a1abf5c4a4,0d72582d-0a83-4ed5-a0db-5a26616ac5aa,a2ec85f6-cbdd-4627-97da-bf5292559192,1,의석을 바로 해 주시기 바랍니다. 성원이 되었으므로 제295회 용인시의회 임시회 제3차 본회의를 개의하겠습니다. 먼저 의사팀장으로부터 보고가 있겠습니다.,"유진선 의장이 제295회 용인시의회 임시회 제3차 본회의를 개의하였다. 의석 정돈을 요청하고 성원이 되었음을 확인한 후, 의사팀장의 보고를 예고하였다.","[""용인시의회"",""임시회"",""본회의"",""의장"",""개의""]",,,2025-10-28T17:21:02.393609+00:00,2025-10-28T17:21:02.393616+00:00
b299b661-fc2d-46c3-88f5-410e95f5d02b,0d72582d-0a83-4ed5-a0db-5a26616ac5aa,,2,"의사팀장 장용은입니다. 예산결산특별위원회에서는 위원장에 황재욱 의원을 선출하고 간사에 기주옥 의원을 선임하였으며, 2025년도 제2회 추가경정예산안은 수정 가결하고, 2025년 기금운영계획 변경안은 원안 가결하였습니다. 금일 제3차 본회의에서는 예산결산특별위원회의 심사를 마친 2건의 안건을 의결하시고 시정에 대한 질문과 답변을 청취하시겠습니다. 이상 보고를 마치겠습니다.","예산결산특별위원회에서 황재욱 의원을 위원장으로, 기주옥 의원을 간사로 선출했다. 2025년도 제2회 추가경정예산안은 수정 가결하고, 기금운영계획 변경안은 원안 가결했다.","[""예산결산특별위원회"",""추가경정예산안"",""기금운영계획"",""황재욱"",""기주옥""]",,,2025-10-28T17:21:05.258888+00:00,2025-10-28T17:21:05.258895+00:00
7a70b843-e3bd-48c8-a69f-16bb72cd6b2c,0d72582d-0a83-4ed5-a0db-5a26616ac5aa,a2ec85f6-cbdd-4627-97da-bf5292559192,3,의사팀장 수고하셨습니다. 그럼 금일 계획된 의사일정에 따라 안건을 상정하겠습니다. 1. 2025년도 제2회 추가경정예산안(시장제출) 2. 2025년도 기금운용계획 변경안(시장제출),유진선 의장이 의사일정에 따라 2025년도 제2회 추가경정예산안과 기금운용계획 변경안을 상정하겠다고 선언했다. 이는 지방자치단체의 재정 운영과 관련된 중요한 안건이다.,"[""추가경정예산안"",""기금운용계획"",""의사일정"",""예산"",""의회""]",,,2025-10-28T17:21:08.477777+00:00,2025-10-28T17:21:08.477783+00:00
e26a9e24-4626-49ba-972c-f5185bfd470f,0d72582d-0a83-4ed5-a0db-5a26616ac5aa,a2ec85f6-cbdd-4627-97da-bf5292559192,4,"의사일정 제1항 2025년도 제2회 추가경정예산안, 의사일정 제2항 2025년도 기금운용계획 변경안 이상 2건을 일괄 상정합니다. 예산결산특별위원회 황재욱 위원장 나오셔서 심사보고 해 주시기 바랍니다.",유진선 의장이 2025년도 제2회 추가경정예산안과 기금운용계획 변경안 2건을 일괄 상정했다. 예산결산특별위원회 황재욱 위원장에게 심사보고를 요청했다.,"[""추가경정예산안"",""기금운용계획"",""의사일정"",""예산결산특별위원회"",""심사보고""]",,,2025-10-28T17:21:11.286186+00:00,2025-10-28T17:21:11.286192+00:00
2b72b704-26bf-4e29-9151-1c96c95f1684,0d72582d-0a83-4ed5-a0db-5a26616ac5aa,e721f222-1b00-42ef-8446-3e060216174f,5,"예산결산특별위원회 위원장 황재욱 의원입니다. 본 위원회에서 심사한 2025년도 제2회 추가경정예산안 수정예산안 포함 및 기금운용계획변경안에 대한 심사결과를 보고드리겠습니다. 먼저 심사경과를 보고드리면 2025년 8월 22일 용인시장으로부터 본 안건이 제출되어 9월 12일부터 15까지 2일간 각 상임위원회별로 1차 심사를 한 후 9월 17일과 18일 2일간 본 특별위원회에 상정하여 심도있는 심사를 하였습니다. 다음으로 심사결과를 보고드리겠습니다. 2025년도 제2회 추가경정예산안 수정예산안 포함 중 세입부분과 2025년도 기금운용계획변환경안은 집행부 원안대로 의결하기로 하였으며, 세출부분은 예산액 3조 9476억 7532만 3000원 중 처인구청 신축 타당성조사 용역 외 2개 사업에서 1억 9500만 원을 감액하기로 하였습니다. 전 의원님들께서는 본 의원 보고드린 바와 같이 만장일치로 가결해 주실 것을 부탁드리면서 이상으로 2025년도 제2회 추가경정예산안 수정예산 포함, 2025년도 기금운용계획변경안에 대한 심사결과 보고를 마치겠습니다. 감사합니다.","황재욱 의원이 예산결산특별위원회 위원장으로서 2025년도 제2회 추가경정예산안과 기금운용계획변경안에 대한 심사 결과를 보고했다. 세출부분에서 1억 9500만 원을 감액하고, 세입부분과 기금운용계획은 원안대로 의결하기로 결정했다.","[""추가경정예산안"",""기금운용계획"",""예산결산특별위원회"",""세출감액"",""용인시""]",,,2025-10-28T17:21:14.898881+00:00,2025-10-28T17:21:14.898887+00:00
ddc5acdb-2fb2-4867-8784-6d97d6a202c2,0d72582d-0a83-4ed5-a0db-5a26616ac5aa,a2ec85f6-cbdd-4627-97da-bf5292559192,6,황재욱 위원장 수고하셨습니다. 심도있는 심사를 해주신 예산결산특별위원회 위원 여러분 수고하셨습니다. 방금 황재욱 위원장께서 심사보고하신 의사일정 제1항 2025년도 제2회 추가경정예산안에 대하여 질의·토론하실 의원 계십니까?,"유진선 의장이 예산결산특별위원회의 2025년도 제2회 추가경정예산안 심사를 마무리하고, 해당 안건에 대한 질의와 토론을 위해 의원들에게 발언 기회를 제공하고 있다.","[""추가경정예산안"",""예산결산특별위원회"",""의회"",""황재욱 위원장"",""2025년""]",,,2025-10-28T17:21:18.286226+00:00,2025-10-28T17:21:18.286231+00:00
9ef2986c-548f-4e04-9d15-9e3ca2254650,0d72582d-0a83-4ed5-a0db-5a26616ac5aa,a37f7314-db30-433d-9a5c-7684bd9ee09f,7,"존경하는 110만 용인 시민 여러분, 유진선 의장님을 비롯한 동료의원 여러분, 이상일 시장님과 공직자 여러분, 그리고 언론인 여러분! 안녕하십니까? 포곡읍, 모현읍, 역북동, 삼가동, 유림1동, 유림2동을 지역구로 둔 국민의힘 김상수 의원입니다. 먼저 용인특례시의 교통 인프라 확충과 도로망 구축을 위해 그동안 많은 노력을 기울여 주신 이상일 시장님과 관계 공직자 여러분께 감사의 말씀을 드립니다...","김상수 의원이 용인특례시의 교통 인프라 확충과 도로망 구축을 위한 노력에 대해 이상일 시장과 공직자들에게 감사를 표현했다. 포곡읍, 모현읍 등 지역구 대표로서 지역 발전에 대한 관심을 드러냈다.","[""용인특례시"",""교통 인프라"",""도로망"",""이상일 시장"",""지역구""]",,,2025-10-28T17:21:21.603582+00:00,2025-10-28T17:21:21.603588+00:00
05bfd3f0-78ef-48ec-a91d-54fa4822d523,0d72582d-0a83-4ed5-a0db-5a26616ac5aa,,8,안녕하세요. 존경하는 우리 김상수 의원님께서 주신 질문에 대하여 답변을 드리겠습니다. 먼저 주신 말씀에 공감을 많이 합니다. 우리 3개 구가 균형있게 발전해야 하는 것은 시정의 핵심이라고 생각하고 또 그런 맥락에서 우리 의원님들께서도 많은 노력을 해주고 계신 데 대해서 감사의 인사를 드립니다...,"이상일 시장은 김상수 의원의 질문에 대해 답변하며, 3개 구의 균형 발전이 시정의 핵심임을 강조했다. 의원들의 노력에 대해 감사를 표현했다.","[""균형 발전"",""시정"",""의회"",""구"",""협력""]",,,2025-10-28T17:21:24.678905+00:00,2025-10-28T17:21:24.678912+00:00
d494d60a-4a1b-4c00-9464-32429c822f7c,0d72582d-0a83-4ed5-a0db-5a26616ac5aa,6a48a5c0-dce4-4ee3-a1e1-fbf1305ae60e,9,"존경하는 110만 용인특례시민 여러분, 유진선 의장님을 비롯한 동료의원 여러분, 이상일 시장님과 관계 공무원 여러분! 안녕하십니까? 상현1동·3동을 지역구로 둔 국민의힘 김희영 의원입니다. 금일 본 의원은 용인시 역사·종교 문화의 활용과 2027년 세계청년대회 준비에 대해 시정질의 드리고자 이 자리에 섰습니다...",김희영 의원이 용인시의회에서 용인시의 역사·종교 문화 활용과 2027년 세계청년대회 준비에 대해 시정질의를 하기 위해 발언했다. 상현1동·3동 지역구의 국민의힘 소속 의원으로서 시정 현안에 대해 논의하고자 한다.,"[""용인시"",""시정질의"",""역사문화"",""세계청년대회"",""국민의힘""]",,,2025-10-28T17:21:28.217182+00:00,2025-10-28T17:21:28.217187+00:00
2a46a19f-c10b-4719-9ac7-265a2b952fe9,0d72582d-0a83-4ed5-a0db-5a26616ac5aa,,10,존경하는 우리 김희영 의원님께서 말씀 주신 2027년 세계청년대회에 대한 시의 입장을 말씀드리겠습니다. 원칙적으로는 세계청년대회가 성공적으로 대한민국에서 개최되어서 대한민국과 우리 용인의 위상을 높여야 한다고 생각을 합니다...,"이상일 시장은 2027년 세계청년대회의 성공적 개최를 지지하며, 이를 통해 대한민국과 용인의 위상을 높이고자 하는 의지를 표명했다.","[""세계청년대회"",""용인"",""대한민국"",""위상"",""성공""]",,,2025-10-28T17:21:30.748954+00:00,2025-10-28T17:21:30.74896+00:00